,Welcome.  This spreadsheet aggregates data about colleges and universities closing and/or shifting from face-to-face to online instruction due to the coronavirus outbreak.,,,,,,,,,,,
,"Created and minded by Bryan Alexander (https://bryanalexander.org/), with help from many fine folks.  Christine Wolff-Eisenberg (Ithaka S+R) did heroic data and formatting additions.  In the media: https://www.npr.org/2020/03/09/813750481/more-than-20-colleges-cancel-in-person-classes-in-response-to-coronavirus https://www.insidehighered.com/blogs/learning-innovation/covid-19-online-learning-and-mission-driven-learning-designers https://www.timeshighereducation.com/news/coronavirus-classroom-closings-quickly-multiplying-us https://www.insidehighered.com/news/2020/03/10/roundup-coronavirus-news-mon-march-9",,,,,,,,,,,
,"However, this page is being overwhelmed by demand.  Google Docs is having a hard time keeping up with it.  For now, if you can't edit and would like to add or update something, please contact Bryan here: https://bryanalexander.org/contact-bryan/.  We're working on it with Google.",,,,,,,,,,,
,"There are other documents on related topics that we recommend, like https://sites.google.com/view/covid19he/home.  On campus instructional continuity policies: https://docs.google.com/spreadsheets/d/1VT9oiNYPyiEsGHBoDKlwLlWAsWP58sGV7A3oIuEUG3k/htmlview?usp=sharing&sle=true .  On teaching with accessibility in an outbreak: https://www.mapping-access.com/blog-1/2020/3/10/accessible-teaching-in-the-time-of-covid-19 .  Conferences being closed or shifted online: https://docs.google.com/spreadsheets/d/1O3wnaFYSZCgY3Ih4yDw3EIH2SC_-vjhyHwrCQSy0J7M/edit#gi .  ""Resources for Online Meetings, Classes, and Events"" https://docs.google.com/document/d/1NyrEU7n6IUl5rgGiflx_dK8CrdoB2bwyyl9XG-H7iw8/edit?fbclid=IwAR0Dp314H6bJOynpO1b165fZL1maGlXXNlUPIzgc6QsMxYHGf-59s1lbgZI#heading=h.jb9co2l7jt1p (HT Nancy White). And someone has their own list published to Github: https://gist.github.com/jessejanderson/09155afe313914498a32baa477584fae .  The EDUCAUSE Coronavirus page: https://library.educause.edu/topics/information-technology-management-and-leadership/covid19 .  Stephen Downes launched ""Creating an Online Community, Class or Conference - Quick Tech Guide"" https://docs.google.com/document/d/1ux3lTnUTpzZRuvxE3rAsSQ4Ihub96S8_OYECNh8wv-A/edit#heading=h.fgw09mp7xsa1.",,,,,,,,,,,
,,,,,,,,,,,,
UnitID (US Only),Institution,Timing,Location,City location of institution (2018-19),State abbreviation (2018-19),ZIP code (2018-19),Longitude location of institution (2018-19),Latitude location of institution (2018-19),Sector of institution (2018-19),12 month unduplicated headcount (2017-18),Notes,Documentation
N/A,,March 2 - until further notice,"Beirut, Lebanon",,,,,,,,,https://www.aub.edu.lb/Pages/ContinueTeaching.aspx
,"Assumption College

",March 10th,Philppines,Metro Manila,Philippines,,40.8649728,-73.9934208,,,,
N/A,Ateneo de Manila University,March 12th - 18th,Philippines,Metro Manila,Philippines,,40.8649728,-73.9934208,,,,
108232,Academy of Art University,Online March 11-25,"San Francisco, CA",San Francisco,CA,94105,-122.401,37.78794,"Private for-profit, 4-year or above","14,691 ",,https://sanfrancisco.cbslocal.com/2020/03/09/coronavirus-uc-berkeley-san-jose-san-francisco-state-academy-of-art-moves-classes-to-online-delivery-fears/
131159,American University,"""“Starting on March 18, all classes will need to be taught using distance methods through April 3. How exactly this can be done varies substantially by course and discipline...""","Washington, DC",Washington,DC,20016-8001,-77.0889,38.93601,"Private not-for-profit, 4-year or above","15,394 ","From WaPo article: ""AU’s provost, Daniel J. Myers, disclosed the coming action in a message to faculty Tuesday. “Although we are moving instruction online, the university is currently remaining open and campus operations continue as normal,” Myers wrote in a letter co-signed with Deputy Provost Mary L. Clark.""",https://www.washingtonpost.com/education/2020/03/10/american-university-others-switch-online-teaching-because-coronavirus/
164465,Amherst College,"online, March 12-May , 2020","Amherst, MA",Amherst,MA,01002-5000,-72.5185,42.37246,"Private not-for-profit, 4-year or above","1,946 ",https://www.amherst.edu/news/covid-19/messages-for-the-college-community/node/766550,
N/A,Beijing Jiaotong University (BJTU) yuk ggk,Feb 28 - ,"Beijing, China",,,,,,,,"Remote instruction offered to students. US faculty prohibited from travel, using web conferencing and asyncrhonous online instruction.",
128577,Asnuntuck Community College,"March 23 through at least Sunday, April 5",,Enfield,CT,06082,-72.5702,41.99841,"Public, 2-year","2,730 ",,https://www.wtnh.com/news/health/coronavirus/the-university-of-new-haven-has-cancels-classes-requires-students-to-vacate-residents-halls-in-response-to-coronavirus-spread-concerns/
201195,Baldwin Wallace University,Extending spring break 3/16-3/20; 3/23-4/10 remote classes; 4/13 in-person classes resume,"Berea, OH",Berea,OH,44017-2088,-81.8511,41.37302,"Private not-for-profit, 4-year or above","4,578 ",,https://www.bw.edu/advisory/coronavirus/
189097,Barnard College,March 23 -,"New York, NY",New York,NY,10027-6598,-73.9633,40.8101,"Private not-for-profit, 4-year or above","2,705 ",Part of Columbia University.,https://www.westsiderag.com/2020/03/08/columbia-cancels-classes-and-plans-for-remote-learning-after-student-placed-in-quarantine; https://alert.barnard.edu/news/important-update-faculty-regarding-class-cancellations
234669,Bellevue College,"March 5-27, 2020","Washington, US",Bellevue,WA,98007-6484,-122.15,47.58401,"Public, 4-year or above","20,125 ",https://www.seattletimes.com/seattle-news/university-of-washington-suspends-in-person-classes-in-response-to-coronavirus/ and https://www.bellevuecollege.edu/publicsafety/flu/ ,
N/A,"Bocconi University (Milan, Italy)","March 8 - April 5, 2020",Italy,,,,,,,,"Bocconi cites that many of their students ""have left already"". In the link, there are further links to the previous annoncements, where you can see how the situation is gradually being more and more serious.",https://www.unibocconi.eu/wps/wcm/connect/Bocconi/SitoPubblico_EN/Navigation+Tree/Home/Campus+and+Services/Bocconi+Urban+Campus/Bocconi+Campus/Safety/coronavirus
234696,Bellingham Technical College,website not updated yet,"Washington, US",Bellingham,WA,98225-1599,-122.512,48.76619,"Public, 4-year or above","3,574 ",https://www.seattletimes.com/seattle-news/university-of-washington-suspends-in-person-classes-in-response-to-coronavirus/,
156295,Berea College,Classes to end March 13.,"Berea, KY",Berea,KY,40404-2182,-84.2929,37.57202,"Private not-for-profit, 4-year or above","1,724 ","Ending term only, no online option.",https://www.wdrb.com/news/berea-college-cancels-semester-and-asks-all-students-to-move/article_18ca2ae8-62ed-11ea-ba3e-632524706207.html?fbclid=IwAR0pQ3-o5sUzJtmmHnqdbrTGdi323qFMsVXgMx0QAs7ufW55lTwpvw9GUdk ; https://www.wave3.com/2020/03/10/berea-college-suspends-instruction-response-coronavirus/ ; https://www.berea.edu/covid-19-plan/
164988,Boston University,Online March 20-April 13,,Boston,MA,02215,-71.1079,42.35112,"Private not-for-profit, 4-year or above","41,418 ",,https://www.bu.edu/articles/2020/bu-all-classes-online-coronavirus/
161004,Bowdoin College,no classes March 23-24; online March 25 on,,Brunswick,ME,04011,-69.9639,43.90713,"Private not-for-profit, 4-year or above","1,967 ",,https://www.bowdoin.edu/covid-19/messages/03-11-2020.html
211273,Bryn Mawr College,online March 16-April 3,,Bryn Mawr,PA,19010,-75.3132,40.02736,"Private not-for-profit, 4-year or above","1,738 ",,https://www.brynmawr.edu/healthcenter/coronavirus-information-and-updates
211291,Bucknell University,classes canceled March 16-18; online March 19 - end of semester,"Lewisburg, PA",Lewisburg,PA,17837,-76.8826,40.95432,"Private not-for-profit, 4-year or above","3,832 ",,https://www.bucknell.edu/life-bucknell/health-wellness-safety/coronavirus-covid-19-updates
129367,Capital Community College,"March 23 through at least Sunday, April 5",,Hartford,CT,06103,-72.6727,41.7684,"Public, 2-year","5,027 ",,https://www.wtnh.com/news/health/coronavirus/the-university-of-new-haven-has-cancels-classes-requires-students-to-vacate-residents-halls-in-response-to-coronavirus-spread-concerns/
439190,Cascadia College (same campus as UW Bothell),through winter quarter (3/20),"Washington, US",Bothell,WA,98011-8205,-122.192,47.76092,"Public, 4-year or above","4,581 ",https://www.seattletimes.com/seattle-news/university-of-washington-suspends-in-person-classes-in-response-to-coronavirus/ and http://www.cascadia.edu/services/emergency/coronavirus.aspx,
201645,Case Western Reserve University,Classes cancelled 3/16-3/17; remote classes to resume 3/18,"Cleveland, OH",Cleveland,OH,44106,-81.6096,41.50742,"Private not-for-profit, 4-year or above","12,661 ",,https://case.edu/studentlife/healthcounseling/health-serviceshealth-updates/march-10-message-campus-moving-remote-delivery-courses-information-students-living-campus
128771,Central Connecticut State University,"March 23 through at least Sunday, April 5",,New Britain,CT,06050,-72.766,41.6925,"Public, 4-year or above","14,006 ",,https://www.wtnh.com/news/health/coronavirus/the-university-of-new-haven-has-cancels-classes-requires-students-to-vacate-residents-halls-in-response-to-coronavirus-spread-concerns/
169248,Central Michigan University,online classes starting March 20 (I think),,Mount Pleasant,MI,48859,-84.7753,43.5912,"Public, 4-year or above","26,971 ",,https://www.cmich.edu/news/article/Pages/CMU-coronavirus-updates.aspx
230852,Champlain College,spring break extended through March 20; online from March 23.  Announcement on April 6.,,Burlington,VT,05401,-73.2027,44.47329,"Private not-for-profit, 4-year or above","6,266 ",,https://view.champlain.edu/march-11-covid-19-update/
112190,City College of San Francisco,canceled starting March 12; online at some point after that,"San Francisco, CA",San Francisco,CA,94112-1898,-122.451,37.72595,"Public, 2-year","38,862 ",,https://sanfrancisco.cbslocal.com/2020/03/09/coronavirus-uc-berkeley-san-jose-san-francisco-state-academy-of-art-moves-classes-to-online-delivery-fears/
190558,College of Staten Island CUNY,online March 19,,Staten Island,NY,10314,-74.1485,40.60183,"Public, 4-year or above","16,391 ",,https://www.suny.edu/suny-news/press-releases/03-20/3-11-20/covid19-distance-learning.html
190150,Columbia University,"March 9 -10, 2020","New York, US",New York,NY,10027,-73.9619,40.80829,"Private not-for-profit, 4-year or above","32,789 ",Cancelling classes Monday and Tuesday and going remote w/ instruction on Wednesday,https://preparedness.columbia.edu/news/update-covid-19-0
202170,Columbus College of Art and Design,spring break extended through March 22; online for 2 weeks starting March 23,,Columbus,OH,43215,-82.9895,39.96607,"Private not-for-profit, 4-year or above","1,113 ",,https://www.ccad.edu/publichealth
190512,CUNY Bernard M Baruch College,online March 19,,New York,NY,10010,-73.9834,40.74024,"Public, 4-year or above","22,394 ",,https://www.suny.edu/suny-news/press-releases/03-20/3-11-20/covid19-distance-learning.html
190521,CUNY Borough of Manhattan Community College,online March 19,,New York,NY,10007,-74.0118,40.71879,"Public, 2-year","35,812 ",,https://www.suny.edu/suny-news/press-releases/03-20/3-11-20/covid19-distance-learning.html
190530,CUNY Bronx Community College,online March 19,,Bronx,NY,10453,-73.912,40.85811,"Public, 2-year","14,954 ",,https://www.suny.edu/suny-news/press-releases/03-20/3-11-20/covid19-distance-learning.html
190549,CUNY Brooklyn College,online March 19,,Brooklyn,NY,11210,-73.9499,40.63152,"Public, 4-year or above","21,837 ",,https://www.suny.edu/suny-news/press-releases/03-20/3-11-20/covid19-distance-learning.html
190567,CUNY City College,online March 19,,New York,NY,10031,-73.9485,40.81985,"Public, 4-year or above","18,956 ",,https://www.suny.edu/suny-news/press-releases/03-20/3-11-20/covid19-distance-learning.html
190576,CUNY Graduate School and University Center,online March 19,,New York,NY,10016,-73.9838,40.74861,"Public, 4-year or above","9,522 ",,https://www.suny.edu/suny-news/press-releases/03-20/3-11-20/covid19-distance-learning.html
190585,CUNY Hostos Community College,online March 19,,Bronx,NY,10451,-73.9268,40.81812,"Public, 2-year","9,755 ",,https://www.suny.edu/suny-news/press-releases/03-20/3-11-20/covid19-distance-learning.html
190594,CUNY Hunter College,online March 19,,New York,NY,10065,-73.9648,40.76867,"Public, 4-year or above","28,079 ",,https://www.suny.edu/suny-news/press-releases/03-20/3-11-20/covid19-distance-learning.html
190600,CUNY John Jay College of Criminal Justice,online March 19,,New York,NY,10019,-73.9884,40.77035,"Public, 4-year or above","18,615 ",,https://www.suny.edu/suny-news/press-releases/03-20/3-11-20/covid19-distance-learning.html
190619,CUNY Kingsborough Community College,online March 19,,Brooklyn,NY,11235,-73.9358,40.57722,"Public, 2-year","20,637 ",,https://www.suny.edu/suny-news/press-releases/03-20/3-11-20/covid19-distance-learning.html
190628,CUNY LaGuardia Community College,online March 19,,Long Island City,NY,11101,-73.9351,40.7445,"Public, 2-year","25,259 ",,https://www.suny.edu/suny-news/press-releases/03-20/3-11-20/covid19-distance-learning.html
190637,CUNY Lehman College,online March 19,,Bronx,NY,10468,-73.8954,40.87296,"Public, 4-year or above","18,715 ",,https://www.suny.edu/suny-news/press-releases/03-20/3-11-20/covid19-distance-learning.html
190646,CUNY Medgar Evers College,online March 19,,Brooklyn,NY,11225,-73.9571,40.66626,"Public, 4-year or above","9,167 ",,https://www.suny.edu/suny-news/press-releases/03-20/3-11-20/covid19-distance-learning.html
190655,CUNY New York City College of Technology,online March 19,,Brooklyn,NY,11201,-73.9879,40.69548,"Public, 4-year or above","20,973 ",,https://www.suny.edu/suny-news/press-releases/03-20/3-11-20/covid19-distance-learning.html
190664,CUNY Queens College,online March 19,,Queens,NY,11367,-73.8161,40.73518,"Public, 4-year or above","24,362 ",,https://www.suny.edu/suny-news/press-releases/03-20/3-11-20/covid19-distance-learning.html
190673,CUNY Queensborough Community College,online March 19,,Bayside,NY,11364-1497,-73.7567,40.75548,"Public, 2-year","20,604 ",,https://www.suny.edu/suny-news/press-releases/03-20/3-11-20/covid19-distance-learning.html
190682,CUNY School of Law,online March 19,,Long Island City,NY,11101,-73.9436,40.7478,"Public, 4-year or above",506 ,,https://www.suny.edu/suny-news/press-releases/03-20/3-11-20/covid19-distance-learning.html
190691,CUNY York College,online March 19,,Jamaica,NY,11451,-73.7963,40.70158,"Public, 4-year or above","10,743 ",,https://www.suny.edu/suny-news/press-releases/03-20/3-11-20/covid19-distance-learning.html
212009,Dickinson College,spring break extended through March 21,"Carlisle, PA",Carlisle,PA,17013-2896,-77.1979,40.2028,"Private not-for-profit, 4-year or above","2,435 ",,https://www.dickinson.edu//homepage/1380/covid-19_dashboard
198419,Duke University,Spring break extended until March 22 and remote classes to begin on March 23,"Durham, NC",Durham,NC,27708,-78.9376,36.00114,"Private not-for-profit, 4-year or above","18,107 ",,https://coronavirus.duke.edu/ ;https://coronavirus.duke.edu/2020/03/10/community-update-changes-to-spring-break-and-classes-new-travel-restrictions/
129215,Eastern Connecticut State University,"March 23 through at least Sunday, April 5",,Willimantic,CT,06226,-72.2188,41.72167,"Public, 4-year or above","5,899 ",,https://www.wtnh.com/news/health/coronavirus/the-university-of-new-haven-has-cancels-classes-requires-students-to-vacate-residents-halls-in-response-to-coronavirus-spread-concerns/
169798,Eastern Michigan University,classes canceled March 12-15; online March 16-31; f2f to resume April 1,,Ypsilanti,MI,48197,-83.6225,42.24694,"Public, 4-year or above","23,715 ",,https://www.emich.edu/uhs/coronavirus/index.php
235149,Everett Community College,March 9-,"Washington, US",Everett,WA,98201,-122.205,48.00663,"Public, 2-year","14,451 ",near Seattle,http://www.everettcc.edu/administration/cwt-security/security/emergency-management/resources/covid-19-novel-coronavirus; https://www.heraldnet.com/news/evcc-to-go-online-with-classes-in-response-to-coronavirus/; https://www.washingtonpost.com/education/2020/03/05/college-closes-others-brace-coronavirus-impact-campus/
133650,Florida Agricultural and Mechanical University,heading online asap,,Tallahassee,FL,32307,-84.2902,30.4285,"Public, 4-year or above","10,986 ",,https://www.flbog.edu/2020/03/11/state-university-system-statement-on-covid-19/
133669,Florida Atlantic University,heading online asap,,Boca Raton,FL,33431-0991,-80.103,26.37242,"Public, 4-year or above","37,588 ",,https://www.flbog.edu/2020/03/11/state-university-system-statement-on-covid-19/
433660,Florida Gulf Coast University,heading online asap,,Fort Myers,FL,33965-6565,-81.7726,26.46364,"Public, 4-year or above","16,878 ",,https://www.flbog.edu/2020/03/11/state-university-system-statement-on-covid-19/
133951,Florida International University,heading online asap,,Miami,FL,33199,-80.3739,25.75732,"Public, 4-year or above","70,581 ",,https://www.flbog.edu/2020/03/11/state-university-system-statement-on-covid-19/
133951,Florida International University,"March 12 ""through at least Saturday, April 4""",,Miami,FL,33199,-80.3739,25.75732,"Public, 4-year or above","70,581 ",,https://www.fiu.edu/coronavirus/index.html
482936,Florida Polytechnic University,heading online asap,,Lakeland,FL,33805-8531,-81.846,28.15015,"Public, 4-year or above","1,519 ",,https://www.flbog.edu/2020/03/11/state-university-system-statement-on-covid-19/
134097,Florida State University,heading online asap,,Tallahassee,FL,32306-1037,-84.2919,30.44076,"Public, 4-year or above","46,946 ",,https://www.flbog.edu/2020/03/11/state-university-system-statement-on-covid-19/
191241,Fordham University - all campuses,March 9 - indefinitely,"Bronx, NY",Bronx,NY,10458,-73.8827,40.85935,"Private not-for-profit, 4-year or above","18,057 ",Classes cancelled 3/9-10.  Moving to online.  Spring recess 3/12-20.  Classes to remain online following until at least 3/29,https://www.fordham.edu/info/29575/coronavirus_updates
212577,Franklin and Marshall College,"March 23 ""through at least April 3""",,Lancaster,PA,17604-3003,-76.319,40.04805,"Private not-for-profit, 4-year or above","2,486 ",,https://www.fandm.edu/president/president-s-messages-to-the-community/covid-19-update-march-11-2020
130396,Gateway Community College,"March 23 through at least Sunday, April 5",,New Haven,CT,06510,-72.9277,41.30379,"Public, 2-year","9,696 ",,https://www.wtnh.com/news/health/coronavirus/the-university-of-new-haven-has-cancels-classes-requires-students-to-vacate-residents-halls-in-response-to-coronavirus-spread-concerns/
131496,Georgetown University,online March 16-,,Washington,DC,20057-0001,-77.0735,38.90881,"Private not-for-profit, 4-year or above","22,091 ",,https://www.georgetown.edu/coronavirus/
153384,Grinnell College,Students expected to be gone by March 23,"Grinnell, IA",Grinnell,IA,50112-1690,-92.7221,41.74795,"Private not-for-profit, 4-year or above","1,774 ",,https://whotv.com/news/coronavirus/grinnell-college-sending-students-home-to-prevent-spread-of-coronavirus/ ; https://www.grinnell.edu/news/important-covid-19-planning-updates
166027,Harvard University,Fully move to online by March 23,"Cambridge, MA",Cambridge,MA,02138,-71.1183,42.37447,"Private not-for-profit, 4-year or above","40,803 ",,https://www.harvard.edu/covid-19-moving-classes-online-other-updates?utm_medium=social&utm_campaign=hu-twitter-general&utm_source=twitter
203067,Hebrew Union College,"""The Cincinnati campus is closed for students, faculty, and staff today, Tuesday, March 10 and Wednesday, March 11.  Classes in Cincinnati will be held via Zoom on Wednesday, March 11, and Thursday, March 12. Classes in New York will be held via Zoom on Wednesday, March 11 and Thursday, March 12. Classes and other activities in Los Angeles will proceed as planned this week. Classes and other activities in Jerusalem will proceed as planned this week.""","New York, NY",New York,NY,10012-1186,-73.9945,40.72894,"Private not-for-profit, 4-year or above",362 ,,http://huc.edu/news/2020/03/10/covid-19-%E2%80%93-planning-and-preparedness
191649,Hofstra University,"March 9-13, 2020","New York, US",Hempstead,NY,11549,-73.6008,40.71596,"Private not-for-profit, 4-year or above","12,170 ","Seems to be canceled, not migrated online.",https://www.hofstra.edu/studentaffairs/studentservices/welctr/novel-coronavirus.html
129543,Housatonic Community College,"March 23 through at least Sunday, April 5",,Bridgeport,CT,06604-4704,-73.191,41.17523,"Public, 2-year","6,956 ",,https://www.wtnh.com/news/health/coronavirus/the-university-of-new-haven-has-cancels-classes-requires-students-to-vacate-residents-halls-in-response-to-coronavirus-spread-concerns/
417248,Howell Cheney THS/CT Aero Tech School,"March 23 through at least Sunday, April 5",,Hartford,CT,06114,-72.6526,41.73508,"Public, 2-year",60 ,,https://www.wtnh.com/news/health/coronavirus/the-university-of-new-haven-has-cancels-classes-requires-students-to-vacate-residents-halls-in-response-to-coronavirus-spread-concerns/
151351,Indiana University,remote until April 6,"Bloomington, IN",Bloomington,IN,47405-7000,-86.5266,39.16609,"Public, 4-year or above","46,723 ",,https://www.wthr.com/article/iu-teach-students-remotely-amid-covid-19-concerns ; https://coronavirus.iu.edu/news/03102020.html
153603,Iowa State University,moving online ASAP,"Ames, IA",Ames,IA,50011-2103,-93.6485,42.02621,"Public, 4-year or above","39,108 ",,https://www.iowaregents.edu/news/board-news/update-from-board-of-regents-president-mike-richards-on-coronavirus
203368,John Carroll University,"""Beginning... March 11, all in-person, face-to-face classes are suspended through and including Monday, April 13. To give our faculty and staff time to prepare for the transition to online learning, we are also cancelling all classes on Wednesday, March 11, Thursday, March 12 and Friday, March 13. Beginning Monday, March 16, all classes will resume online until at least Monday, April 13""","University Heights, OH",University Heights,OH,44118-4581,-81.5313,41.49132,"Private not-for-profit, 4-year or above","4,018 ",,https://jcu.edu/healthupdate
213251,Juniata College,online classes starting March 23,,Huntingdon,PA,16652-2196,-78.0173,40.50052,"Private not-for-profit, 4-year or above","1,564 ",,https://radio.wpsu.org/post/juniata-college-lock-haven-and-pitt-bradford-move-online-classes-over-coronavirus-concerns
185262,Kean University ,"Online starting March 16.  Then ""[t]he University currently plans to resume on-campus instruction on Monday, March 30 and will continue to update the campus community on this evolving situation.""","Union, NJ",Union,NJ,07083,-74.2335,40.67798,"Public, 4-year or above","16,577 ",,https://www.kean.edu/offices/student-health-services/coronavirus-information#virus
203517,Kent State University,"classes canceled March 10-15.  ""Classes will be conducted remotely March 16 through April 13, with the exception of spring break, which is the week of March 23.""","Kent, OH",Kent,OH,44242-0001,-81.3425,41.14665,"Public, 4-year or above","34,023 ",,https://www.record-courier.com/news/20200310/kent-state-akron-cancel-in-person-classes-due-to-coronavirus-concerns
213385,Lafayette College,"spring break, then online teaching March 23-April 5",,Easton,PA,18042-1768,-75.2098,40.69956,"Private not-for-profit, 4-year or above","2,647 ",,https://covid19.lafayette.edu/2020/03/11/moving-to-remote-teaching-march-23-april-5/
235699,Lake Washington Institute of Technology,"through March 20, 2020","Washington, US",Kirkland,WA,98034-8506,-122.167,47.70508,"Public, 4-year or above","5,154 ",students visited infected senior center; professor tested positive,https://www.nytimes.com/2020/03/06/us/coronavirus-college-campus-closings.html; https://www.lwtech.edu/news/coronavirus-covid-19-information-and-resources/; https://q13fox.com/2020/03/04/lake-washington-institute-of-technology-closed-through-weekend-after-faculty-member-tests-positive-for-covid-19/; https://www.washingtonpost.com/education/2020/03/05/college-closes-others-brace-coronavirus-impact-campus/
117946,Loyola Marymount University,"online classes, March 16-31 (after spring break)","Los Angeles, CA",Los Angeles,CA,90045-2659,-118.416,33.97085,"Private not-for-profit, 4-year or above","10,538 ",,
129695,Manchester Community College,"March 23 through at least Sunday, April 5",,Manchester,CT,06040,-72.5619,41.76163,"Public, 2-year","9,240 ",,https://www.wtnh.com/news/health/coronavirus/the-university-of-new-haven-has-cancels-classes-requires-students-to-vacate-residents-halls-in-response-to-coronavirus-spread-concerns/
178059,Maryville University of Saint Louis,March 16-30,"Saint Louis, MO",Saint Louis,MO,63141-7299,-90.506,38.64477,"Private not-for-profit, 4-year or above","10,104 ",,https://www.maryville.edu/coronavirus/
166683,Massachusetts Institute of Technology,"Classes canceled March 16 - March 20. Next week is spring break. Online from March 30 through ""the remainder of the semester.""","Cambridge, MA",Cambridge,MA,02139-4307,-71.0932,42.35924,"Private not-for-profit, 4-year or above","12,168 ",,https://news.mit.edu/2020/letter-regarding-escalating-response-covid-19-0310
166683,Massachusetts Institute of Technology,Classes cancelled March 16-20; online instruction to begin March 30,"Cambridge, MA",Cambridge,MA,02139-4307,-71.0932,42.35924,"Private not-for-profit, 4-year or above","12,168 ",,https://news.mit.edu/2020/letter-regarding-escalating-response-covid-19-0310
127565,Metropolitan State University of Denver,"""By Monday, March 30, we expect to have full implementation of remote teaching and learning""",,Denver,CO,80217-3362,-105.005,39.7442,"Public, 4-year or above","25,004 ",,https://www.msudenver.edu/coronavirus-update/coronavirus-email-moving-classes-online/
171100,Michigan State University,shifting online March 11-April 20,,East Lansing,MI,48824-1046,-84.4761,42.73212,"Public, 4-year or above","55,423 ",,https://msu.edu/coronavirus/latest-updates/
171128,Michigan Technological University,classes canceled March 15-April 16.  Online optional (?).,,Houghton,MI,49931-1295,-88.5481,47.11866,"Public, 4-year or above","7,727 ",,https://blogs.mtu.edu/covid-19/2020/03/11/presidents-email/
N/A,"Hungary, all universities",,,#N/A,#N/A,#N/A,#N/A,#N/A,#N/A,#N/A,,https://www.bloomberg.com/news/articles/2020-03-11/hungary-declares-state-of-emergency-shuts-universities-on-virus
230959,Middlebury College,"Extending spring break, online by end of March","Middlebury, VT",Middlebury,VT,05753,-73.1761,44.00912,"Private not-for-profit, 4-year or above","4,776 ",,https://www.wcax.com/content/news/Middlebury-College-to-send-student-home-early-close-campus-568668531.html
129756,Middlesex Community College,"March 23 through at least Sunday, April 5",,Middletown,CT,06457-4829,-72.6118,41.53952,"Public, 2-year","3,948 ",,https://www.wtnh.com/news/health/coronavirus/the-university-of-new-haven-has-cancels-classes-requires-students-to-vacate-residents-halls-in-response-to-coronavirus-spread-concerns/
181330,Midland University (Nebraska)answered ,,"Nebraska, US",Fremont,NE,68025,-96.488,41.43674,"Private not-for-profit, 4-year or above","1,983 ",https://www.midlandu.edu/midland-university-closed-through-march-15,
185572,Monmouth University,March 9-13 (spring break March 14-22),"West Long Branch, NJ",West Long Branch,NJ,07764-1898,-74.0064,40.28007,"Private not-for-profit, 4-year or above","6,936 ",,https://www.nj.com/coronavirus/2020/03/nj-coronavirus-update-here-are-the-schools-that-are-are-closing-altering-schedules.html; https://www.monmouth.edu/health-services/health-resources-and-referrals/covid-19/march-9-2020-classes-cancelled/
180461,Montana State University,"allow students to miss f2f class, take online",,Bozeman,MT,59717,-111.049,45.66673,"Public, 4-year or above","18,722 ",,https://www.facebook.com/notes/montana-state-university/guidance-to-students-about-class-absences/10157150619452406/
214175,Muhlenberg College,last day of f2f classes is March 13th; online thereafter,,Allentown,PA,18104,-75.5085,40.59642,"Private not-for-profit, 4-year or above","2,481 ",,https://www.muhlenberg.edu/offices/healthcenter/coronavirus/
129729,Naugatuck Valley Community College,"March 23 through at least Sunday, April 5",,Waterbury,CT,06708-3089,-73.073,41.54975,"Public, 2-year","8,851 ",,https://www.wtnh.com/news/health/coronavirus/the-university-of-new-haven-has-cancels-classes-requires-students-to-vacate-residents-halls-in-response-to-coronavirus-spread-concerns/
262129,New College of Florida,heading online asap,,Sarasota,FL,34243-2109,-82.5586,27.38493,"Public, 4-year or above",896 ,,https://www.flbog.edu/2020/03/11/state-university-system-statement-on-covid-19/
N/A,Laurentian University,"online starting March 12: ""all classes will now be moved to online delivery until further notice""",Ontario,#N/A,#N/A,#N/A,#N/A,#N/A,#N/A,#N/A,,https://laurentian.ca/coronavirus
193900,New York University,Online,"New York, NY",New York,NY,10012-1091,-73.9973,40.72945,"Private not-for-profit, 4-year or above","57,014 ","""""Updated: 3/9/2020 - 6:00 p.m.
Beginning Wednesday, March 11, NYU will transition to remote instruction at its campuses in New York and Brooklyn. During the spring break period (March 16-March 20), while classes are not in session, residence halls will remain open as usual.
During the following week, March 23 - March 27, all classes will be conducted remotely. The University will determine during that week whether to reconvene in-person classes or continue to hold classes remotely.
IMPORTANT: Students departing for spring break should should take with them any items essential to carrying on their education from home, such as laptops, textbooks, notebooks, essential papers, etc. Students should also plan to carry home valuables and indispensable items in the event that a sustained period will pass before they are able to retrieve them easily.""""  Also warns students implicitly that they might be return after spring break: ""IMPORTANT: Students departing for spring break should should take with them any items essential to carrying on their education from home, such as laptops, textbooks, notebooks, essential papers, etc. Students should also plan to carry home valuables and indispensable items in the event that a sustained period will pass before they are able to retrieve them easily."" ; https://www.change.org/p/the-new-school-students-close-all-campus-of-the-new-school-due-to-covid-19-outbreak",https://www.nyu.edu/life/safety-health-wellness/coronavirus-information/our-global-communities.html#nyc
167358,Northeastern University ,"online March 12, 2020-",,Boston,MA,02115-5005,-71.0888,42.33999,"Private not-for-profit, 4-year or above","27,795 ",,https://news.northeastern.edu/2020/03/11/in-light-of-the-covid-19-outbreak-northeastern-university-moves-to-online-learning-at-its-boston-campus/#_ga=2.175213154.1747462829.1583886623-1183731853.1582497321
167358,Northeastern University Seattle Campus,"March 9, 2020-","Washington, US",Boston,MA,02115-5005,-71.0888,42.33999,"Private not-for-profit, 4-year or above","27,795 ",,https://news.northeastern.edu/coronavirus/university-messages/northeastern-will-move-to-online-teaching-for-students-at-its-seattle-campus/; https://news.northeastern.edu/coronavirus/university-messages/; https://news.northeastern.edu/2020/03/06/northeastern-university-president-pushes-for-federal-protections-for-students-in-the-u-s-on-f-1-visas/; https://www.nytimes.com/2020/03/06/us/coronavirus-college-campus-closings.html
130040,Northwestern Connecticut Community College,"March 23 through at least Sunday, April 5",,Winsted,CT,06098,-73.0587,41.92067,"Public, 2-year","1,716 ",,https://www.wtnh.com/news/health/coronavirus/the-university-of-new-haven-has-cancels-classes-requires-students-to-vacate-residents-halls-in-response-to-coronavirus-spread-concerns/
130004,Norwalk Community College,"March 23 through at least Sunday, April 5",,Norwalk,CT,06854,-73.451,41.10257,"Public, 2-year","8,070 ",,https://www.wtnh.com/news/health/coronavirus/the-university-of-new-haven-has-cancels-classes-requires-students-to-vacate-residents-halls-in-response-to-coronavirus-spread-concerns/
171571,Oakland University,online learning March 16-April 25.,,Rochester Hills,MI,48309-4401,-83.2164,42.67457,"Public, 4-year or above","22,694 ",,https://oakland.edu/oumagazine/news/president/2020/Effective-5-pm-face-to-face-instruction-suspended
204796,Ohio State University,Online March 16-30 (spring break March 9-13),"Columbus, Ohio",Columbus,OH,43210,-83.0149,39.99932,"Public, 4-year or above","64,924 ",,https://www.thelantern.com/2020/03/ohio-state-suspends-classes-until-march-30-due-to-coronavirus-outbreak/
236230,Pacific Lutheran,Canceled March 9; online March 10-30,"Tacoma, WA",Tacoma,WA,98447-0003,-122.44,47.14516,"Private not-for-profit, 4-year or above","3,337 ",,https://www.plu.edu/campus-safety/system-alerts/2020/03/07/coronavirus-update-transition-to-distance-learning/
120698,Palo Alto University,March 9 - ,"Palo Alto, CA",Palo Alto,CA,94304-1337,-122.187,37.38222,"Private not-for-profit, 4-year or above","1,241 ",,https://www.paloaltou.edu/all-pau-classes-go-online-monday-march-9-due-covid-19-coronavirus
214777,Pennsylvania State University-Main Campus,online March 16-April 3,,University Park,PA,16802-1503,-77.8628,40.7965,"Public, 4-year or above","50,426 ",,https://news.psu.edu/story/611757/2020/03/11/academics/all-penn-state-classes-take-place-remotely-beginning-march-16
417275,Platt Technical High School/Stratford Aviation,"March 23 through at least Sunday, April 5",,Milford,CT,06461,-73.0464,41.24975,"Public, 2-year",37 ,,https://www.wtnh.com/news/health/coronavirus/the-university-of-new-haven-has-cancels-classes-requires-students-to-vacate-residents-halls-in-response-to-coronavirus-spread-concerns/
186122,Princeton Theological Seminary,canceled on-campus events,,Princeton,NJ,08542-0803,-74.6665,40.34585,"Private not-for-profit, 4-year or above",508 ,,https://www.ptsem.edu/alerts/statements
N/A,NYU Abu Dabi,"March 8 -
",UAE,Abu Dabi,,,,,,,"""For four weeks, from Sunday, March 8 through Saturday, April 4, we will be closing the instruction, athletic, and public arts spaces on our campus as we move temporarily to an online instructional model. Faculty and staff will be encouraged to work remotely for the first week March 8-14, and we will re-evaluate this guidance as the situation evolves over the four-week period.""",https://nyuad.nyu.edu/en/nyuad-response-to-covid-19/covid-19-updates.html
N/A,NYU Shanghai,February 17 -,"Shanghai, China
",Shanghai,,,,,,,"""As part of the ongoing management of the 2019-nCoV epidemic, NYU Shanghai will not resume on-campus classroom teaching in Shanghai during the month of February. Instead, beginning February 17, classes will be taught using state-of-the art digital technologies exclusively""",https://shanghai.nyu.edu/news/remote-teaching-and-learning-begin-february-17
186131,Princeton University,March 23 -,"Princeton, NJ",Princeton,NJ,08544-0070,-74.6594,40.34873,"Private not-for-profit, 4-year or above","8,593 ","""Princeton will move to virtual instruction following spring break and decrease the number of gatherings on campus.""",https://www.princeton.edu/news/2020/03/09/president-eisgruber-updates-university-next-steps-regarding-covid-19-ensure-health
130217,Quinebaug Valley Community College,"March 23 through at least Sunday, April 5",,Danielson,CT,06239-1436,-71.8897,41.82623,"Public, 2-year","1,906 ",,https://www.wtnh.com/news/health/coronavirus/the-university-of-new-haven-has-cancels-classes-requires-students-to-vacate-residents-halls-in-response-to-coronavirus-spread-concerns/
130226,Quinnipiac University,"online instruction starting March 18, 2020","Hamden, CT",Hamden,CT,06518,-72.8941,41.41892,"Private not-for-profit, 4-year or above","11,994 ",,https://www.qu.edu/student-resources/health-campus-safety/coronavirus.html
227757,Rice University,"March 9-13, 2020","Texas, US",Houston,TX,77005-1827,-95.402,29.7179,"Private not-for-profit, 4-year or above","7,362 ",,https://abc13.com/education/rice-cancels-classes-amidst-covid-19-fears/5995933/; https://www.chron.com/news/houston-texas/houston/article/Novel-coronavirus-prompts-Rice-University-to-15115459.php?cmpid=hpctp
184782,Rowan University,Extended spring break,"Glassboro, NJ",Glassboro,NJ,08028,-75.1191,39.70911,"Public, 4-year or above","21,305 ",,https://www.nj.com/coronavirus/2020/03/coronavirus-prompts-rowan-university-to-extend-spring-break-so-online-plans-can-be-made.html
N/A,Politecnico di Milano,2/27,Italy,,,,,,,,https://www.polimi.it/en/,https://www.polimi.it/fileadmin/user_upload/HOME/Slider-apertura/2020_02_27_lettera_Rettore_eng.pdf
186371,Rutgers University-Camden,"Classes canceled March 12-22.  March 23 ""through at least Friday, April 3, all course instruction will be delivered remotely. All face-to-face instruction is suspended""","Camden, NJ",Camden,NJ,08102,-75.1222,39.94806,"Public, 4-year or above","7,904 ",,https://president.rutgers.edu/public-remarks/letters/important-update-university-operating-status-regarding-covid-19
186380,Rutgers University-New Brunswick,"Classes canceled March 12-22. March 23 ""through at least Friday, April 3, all course instruction will be delivered remotely. All face-to-face instruction is suspended""","New Brunswick, NJ",New Brunswick,NJ,08901-1281,-74.4463,40.49877,"Public, 4-year or above","55,698 ",,https://president.rutgers.edu/public-remarks/letters/important-update-university-operating-status-regarding-covid-19
186399,Rutgers University-Newark,"Classes canceled March 12-22. March 23 ""through at least Friday, April 3, all course instruction will be delivered remotely. All face-to-face instruction is suspended""","Newark, NJ",Newark,NJ,07102,-74.1758,40.73912,"Public, 4-year or above","15,220 ",,https://president.rutgers.edu/public-remarks/letters/important-update-university-operating-status-regarding-covid-19
130253,Sacred Heart University,"March 9-29, 2020","Fairfield, CT",Fairfield,CT,06825-1000,-73.2433,41.22089,"Private not-for-profit, 4-year or above","9,863 ","Classes canceled March 10; online, March 11-29, 2020.",https://www.sacredheart.edu/offices--departments-directory/health-services/coronavirus/;  https://www.nbcconnecticut.com/news/local/sacred-heart-to-move-to-online-class-format-amid-coronavirus-concerns/2235356/
172051,Saginaw Valley State University,online classes March 16-April 17,,University Center,MI,48710,-83.9643,43.51176,"Public, 4-year or above","9,688 ",,https://www.svsu.edu/coronavirus/
179159,Saint Louis University,Closed week of March 15th,"Saint Louis, MO",Saint Louis,MO,63103-2097,-90.2351,38.6368,"Private not-for-profit, 4-year or above","17,338 ",,https://www.ksdk.com/article/news/health/coronavirus/slu-suspends-in-person-classes-coronavirus-concerns/63-c671cebb-28ca-4b62-a577-06fc35ddafc5
122597,San Franciso State University,canceled March 10-15; online from March 16 ,"San Francisco, CA",San Francisco,CA,94132,-122.477,37.72122,"Public, 4-year or above","33,506 ",,
N/A,Saudi Arabia (all schools/univeristies) ,March 8 until further notice ,Saudi Arabia,,,,,,,,,
122755,San Jose State University,"""All in-person classes are suspended from March 10-13. This time is to be used for faculty and staff to prepare for the transition from in-person instruction to “distributed” or “fully online” instruction. See below. Current online classes will continue to be held. In-person classes will move to either distributed or fully online instruction from March 16-27 when a determination will be made and communicated regarding in-person classes.""",California,San Jose,CA,95192-0001,-121.881,37.33657,"Public, 4-year or above","39,002 ",,https://sanfrancisco.cbslocal.com/2020/03/09/coronavirus-uc-berkeley-san-jose-state-academy-of-art-moves-classes-to-online-delivery-fears/; http://blogs.sjsu.edu/newsroom/2020/updates-on-novel-coronavirus-outbreak/
122931,Santa Clara University,"online March 10 - April 13th; not closed.,",California,Santa Clara,CA,95053,-121.938,37.34836,"Private not-for-profit, 4-year or above","9,524 ",,https://www.facebook.com/notes/santa-clara-university/presidents-update-on-covid-19/10151205247159986/
236072,"Seattle Colleges (N Seattle CC, Seattle Central CC, and South Seattle CC)",,Washington,Seattle,WA,98103-3599,-122.334,47.69841,"Public, 4-year or above","9,911 ","http://www.seattlecolleges.edu/ ""Classes are canceled on Monday, March 9, and alternate modes of instruction begin March 10 through the end of winter quarter. Campus offices and services remain open.""",
236577,Seattle Pacific University,"March 9, 2020-","Washington, US",Seattle,WA,98119-1997,-122.362,47.65021,"Private not-for-profit, 4-year or above","4,201 ",,https://spu.edu/administration/health-services/hs-news/2020/COVID-19; https://mailchi.mp/spu.edu/update-on-spus-response-to-coronavirus-122537
236595,Seattle University,"March 9-20, 2020","Washington, US",Seattle,WA,98122-4340,-122.319,47.60886,"Private not-for-profit, 4-year or above","8,343 ",,https://www.seattleu.edu/coronavirus/; https://www.nytimes.com/2020/03/06/us/coronavirus-college-campus-closings.html; https://www.thestranger.com/slog/2020/03/06/43066686/seattle-university-cancels-in-person-classes-in-light-of-coronavirus
186584,Seton Hall,March 11,"South Orange, NJ",South Orange,NJ,07079-2697,-74.246,40.74234,"Private not-for-profit, 4-year or above","11,177 ",,https://www.shu.edu/health-intervention-communication/coronavirus-campus-communications.cfm
195526,Skidmore College,"cancel, March 16-22","Saratoga Springs, NY",Saratoga Springs,NY,12866,-73.7853,43.09704,"Private not-for-profit, 4-year or above","2,860 ","No shift online yet; instead, they'll ""explore alternatives to in-person classroom instruction""",https://www.skidmore.edu/covid19/messages/2020-03-09-message.php
167835,Smith College,"""In-person classes will be offered on campus through Friday, March 13. Spring recess will be extended by one week through Sunday, March 29. Alternate modes of instruction will be offered for the curriculum, beginning on March 30""","Northampton, MA",Northampton,MA,01063,-72.6381,42.31811,"Private not-for-profit, 4-year or above","3,259 ",,https://www.smith.edu/president-kathleen-mccartney/letters/2019-20/announcement-march-10-2020 ; https://www.masslive.com/coronavirus/2020/03/coronavirus-in-massachusetts-smith-college-tells-students-living-on-campus-to-move-out-president-says-students-should-not-expect-to-return-this-semester.html
130493,Southern Connecticut State University,"classes canceled March 10-15.  ""Following Spring Break, classes will be moved to an online-only format until at least April 5.""","New Haven, CT",New Haven,CT,06515-1355,-72.9479,41.33323,"Public, 4-year or above","11,642 ",,https://inside.southernct.edu/announcement/university-closing-five-days ; https://www.wtnh.com/news/health/coronavirus/the-university-of-new-haven-has-cancels-classes-requires-students-to-vacate-residents-halls-in-response-to-coronavirus-spread-concerns/
195809,St.John's University,"online, March 10 -27, 2020","Queens, NY",Queens,NY,11439,-73.7961,40.72252,"Private not-for-profit, 4-year or above","23,542 ",,https://www.pugetsound.edu/student-life/counseling-health-and-wellness/coronavirus-2020/ ; https://www.thenewstribune.com/news/local/article241015121.html
243744,Stanford University,,"California, US",Stanford,CA,94305,-122.167,37.42943,"Private not-for-profit, 4-year or above","20,946 ","""In-person classes will be moved to an online format for the last two weeks of the winter quarter""",https://news.stanford.edu/2020/03/06/letter-provost-drell-covid-19-updates-online-classes-admit-weekend/?fbclid=IwAR2mlLp89qk4iNdgVuphMOp4bsyvjrC4yW6vESfoe9hFrwbKZe3LHdrmaCk
186867,Stevens Institute of Technology,"Cancel classes March 10; online, March 11-13 2020","Hoboken, NJ",Hoboken,NJ,07030-5991,-74.0253,40.74478,"Private not-for-profit, 4-year or above","8,015 ",,https://www.nj.com/hudson/2020/03/amid-rising-coronavirus-fears-stevens-shifts-classes-online.html; https://www.stevens.edu/directory/student-health-services/health-advisory-update/coronavirus-2019-covid-19-information
N/A,United Arab Emirates (all schools/universities),"March 8 - April 5, 2020",UAE,,,,,,,,Does UAE have a unified higher ed system?,https://www.cnbc.com/2020/03/04/coronavirus-uae-cancels-events-announces-school-closures.html
460604,Stratford School of Aviation Maintenance Technicians,"March 23 through at least Sunday, April 5",,Stratford,CT,06615,-73.1308,41.16124,"Public, 2-year",,,https://www.wtnh.com/news/health/coronavirus/the-university-of-new-haven-has-cancels-classes-requires-students-to-vacate-residents-halls-in-response-to-coronavirus-spread-concerns/
196130,SUNY Buffalo State,online starting March 19,,Buffalo,NY,14222,-78.8821,42.93383,"Public, 4-year or above","11,048 ",,https://www.suny.edu/suny-news/press-releases/03-20/3-11-20/covid19-distance-learning.html
196121,SUNY College at Brockport,online starting March 19,,Brockport,NY,14420-2919,-77.9472,43.21193,"Public, 4-year or above","9,539 ",,https://www.suny.edu/suny-news/press-releases/03-20/3-11-20/covid19-distance-learning.html
196167,SUNY College at Geneseo,online starting March 19,,Geneseo,NY,14454-1465,-77.8219,42.79665,"Public, 4-year or above","6,000 ",,https://www.suny.edu/suny-news/press-releases/03-20/3-11-20/covid19-distance-learning.html
196237,SUNY College at Old Westbury,online starting March 19,,Old Westbury,NY,11568-0210,-73.5719,40.79902,"Public, 4-year or above","6,473 ",,https://www.suny.edu/suny-news/press-releases/03-20/3-11-20/covid19-distance-learning.html
196194,SUNY College at Oswego,online starting March 19,,Oswego,NY,13126,-76.5408,43.45429,"Public, 4-year or above","11,159 ",,https://www.suny.edu/suny-news/press-releases/03-20/3-11-20/covid19-distance-learning.html
196246,SUNY College at Plattsburgh,online starting March 19,,Plattsburgh,NY,12901-2681,-73.4665,44.69293,"Public, 4-year or above","6,558 ",,https://www.suny.edu/suny-news/press-releases/03-20/3-11-20/covid19-distance-learning.html
196200,SUNY College at Potsdam,online starting March 19,,Potsdam,NY,13676-2294,-74.9738,44.66215,"Public, 4-year or above","4,365 ",,https://www.suny.edu/suny-news/press-releases/03-20/3-11-20/covid19-distance-learning.html
196033,SUNY College of Agriculture and Technology at Cobleskill,online starting March 19,,Cobleskill,NY,12043,-74.4983,42.67253,"Public, 4-year or above","3,277 ",,https://www.suny.edu/suny-news/press-releases/03-20/3-11-20/covid19-distance-learning.html
196103,SUNY College of Environmental Science and Forestry,online starting March 19,,Syracuse,NY,13210,-76.1387,43.03477,"Public, 4-year or above","2,380 ",,https://www.suny.edu/suny-news/press-releases/03-20/3-11-20/covid19-distance-learning.html
196228,SUNY College of Optometry,online starting March 19,,New York,NY,10036-8003,-73.9822,40.75447,"Public, 4-year or above",413 ,,https://www.suny.edu/suny-news/press-releases/03-20/3-11-20/covid19-distance-learning.html
196006,SUNY College of Technology at Alfred,online starting March 19,,Alfred,NY,14802,-77.7946,42.25526,"Public, 4-year or above","4,060 ",,https://www.suny.edu/suny-news/press-releases/03-20/3-11-20/covid19-distance-learning.html
196015,SUNY College of Technology at Canton,online starting March 19,,Canton,NY,13617-1098,-75.1829,44.6041,"Public, 4-year or above","4,981 ",,https://www.suny.edu/suny-news/press-releases/03-20/3-11-20/covid19-distance-learning.html
196024,SUNY College of Technology at Delhi,online starting March 19,,Delhi,NY,13753-1100,-74.9246,42.26986,"Public, 4-year or above","4,207 ",,https://www.suny.edu/suny-news/press-releases/03-20/3-11-20/covid19-distance-learning.html
196149,SUNY Cortland,online starting March 19,,Cortland,NY,13045-0900,-76.1887,42.59802,"Public, 4-year or above","7,886 ",,https://www.suny.edu/suny-news/press-releases/03-20/3-11-20/covid19-distance-learning.html
196255,SUNY Downstate Medical Center,online starting March 19,,Brooklyn,NY,11203-2098,-73.9455,40.65386,"Public, 4-year or above","2,033 ",,https://www.suny.edu/suny-news/press-releases/03-20/3-11-20/covid19-distance-learning.html
196264,SUNY Empire State College,online starting March 19,,Saratoga Springs,NY,12866-4391,-73.7825,43.07728,"Public, 4-year or above","18,047 ",,https://www.suny.edu/suny-news/press-releases/03-20/3-11-20/covid19-distance-learning.html
196291,SUNY Maritime College,online starting March 19,,Throggs Neck,NY,10465-4198,-73.7953,40.80722,"Public, 4-year or above","1,998 ",,https://www.suny.edu/suny-news/press-releases/03-20/3-11-20/covid19-distance-learning.html
196051,SUNY Morrisville,online starting March 19,,Morrisville,NY,13408,-75.6406,42.89396,"Public, 4-year or above","3,741 ",,https://www.suny.edu/suny-news/press-releases/03-20/3-11-20/covid19-distance-learning.html
196185,SUNY Oneonta,online starting March 19,,Oneonta,NY,13820-4015,-75.0636,42.46886,"Public, 4-year or above","7,171 ",,https://www.suny.edu/suny-news/press-releases/03-20/3-11-20/covid19-distance-learning.html
196112,SUNY Polytechnic Institute,online starting March 19,,Utica,NY,13502,-75.2298,43.1377,"Public, 4-year or above","3,307 ",,https://www.suny.edu/suny-news/press-releases/03-20/3-11-20/covid19-distance-learning.html
197294,SUNY Westchester Community College,online starting March 19,,Valhalla,NY,10595,-73.7897,41.06846,"Public, 2-year","20,279 ",,https://www.suny.edu/suny-news/press-releases/03-20/3-11-20/covid19-distance-learning.html
216287,Swarthmore College,"spring break extended through March 20; online teaching March 23 ""through at least Friday, April 3""",,Swarthmore,PA,19081,-75.3543,39.90516,"Private not-for-profit, 4-year or above","1,653 ","""all classes will be taught remotely either through Zoom video, teleconference, or a similar technology"" - implying only synchronous meeting?",https://www.swarthmore.edu/coronavirus-disease-2019-covid-19-information
196413,Syracuse University,March 13 -,"Syracuse, NY",Syracuse,NY,13244,-76.137,43.04018,"Private not-for-profit, 4-year or above","37,673 ",,https://news.syr.edu/blog/2020/03/10/residential-instruction-suspended-effective-end-of-day-friday-march-13-university-to-transition-to-online-learning/
187134,The College of New Jersey,March 13 - ,"Ewing, NJ",Ewing,NJ,08628-7718,-74.7788,40.26865,"Public, 4-year or above","8,630 ",,https://emergency.tcnj.edu/covid-19/
193654,The New School,"online, March 23-27","New York, NY",New York,NY,10011-8871,-73.9971,40.73551,"Private not-for-profit, 4-year or above","12,333 ",,https://twitter.com/jamesmfarner/status/1237194666635923456
129808,Three Rivers Community College,"March 23 through at least Sunday, April 5",,Norwich,CT,06360,-72.103,41.50995,"Public, 2-year","5,520 ",,https://www.wtnh.com/news/health/coronavirus/the-university-of-new-haven-has-cancels-classes-requires-students-to-vacate-residents-halls-in-response-to-coronavirus-spread-concerns/
196592,Touro College (NY City),March 9 -12,"New York, US",New York,NY,10018,-73.9894,40.7532,"Private not-for-profit, 4-year or above","15,464 ",,
164076,Towson University,"classes canceled March 10-13, 2020.  Online after spring break.","Towson, MD",Towson,MD,21252-0001,-76.6112,39.39362,"Public, 4-year or above","25,744 ","""When preparing to leave for spring break, we ask students take all essential belongings, medications, and materials from your residence hall or work space in case it should become necessary to restrict return access to campus for at least two weeks. """,https://www.towson.edu/news/2020/coronavirus-message.html
168148,Tufts University,Spring break extended March 13-25; online only afterwards,"Medford, MA",Medford,MA,02155-5555,-71.1183,42.40855,"Private not-for-profit, 4-year or above","12,492 ",,https://coronavirus.tufts.edu/3-10-2020-presidents-message/
130606,Tunxis Community College,"March 23 through at least Sunday, April 5",,Farmington,CT,06032-3187,-72.8775,41.7055,"Public, 2-year","5,643 ",,https://www.wtnh.com/news/health/coronavirus/the-university-of-new-haven-has-cancels-classes-requires-students-to-vacate-residents-halls-in-response-to-coronavirus-spread-concerns/
200800,University of Akron,Classes cancelled through March 29; classes resume online March 30th,"Akron, OH",Akron,OH,44325-4702,-81.5117,41.07855,"Public, 4-year or above","23,217 ",,https://www.uakron.edu/healthservices/news/
110635,University of California Berkeley,"March 10-30, 2020 (shift to online)",California,Berkeley,CA,94720,-122.26,37.87192,"Public, 4-year or above","44,235 ","March 10, 2020 - spring break.  2 days for some to get up to speed.  And ""Courses that must meet in person because alternative instruction outside of the classroom is not appropriate will continue to meet in person. For the time being, this will include all laboratory, performing arts, and physical education courses, although they are encouraged to minimize in-person meetings as appropriate.""",https://news.berkeley.edu/2020/03/09/as-coronavirus-spreads-uc-berkeley-suspends-in-person-instruction/
110680,University of California San Diego,"""For the last week of Winter Quarter, courses are continuing to meet in person, but instructors will no longer use attendance-based points in their grading.

-- Starting in Spring Quarter, all lecture and discussion courses will be delivered remotely. ""","La Jolla, CA",La Jolla,CA,92093,-117.236,32.87775,"Public, 4-year or above","37,744 ",,https://www.sandiegouniontribune.com/news/education/story/2020-03-09/uc-san-diego-will-close-much-of-the-campus-to-the-public-and-deliver-classes-online-due-to-coronavirus
110653,University of California-Irvine,remote for spring quarter,,Irvine,CA,92697,-117.841,33.64843,"Public, 4-year or above","37,170 ",,https://chancellor.uci.edu/engagement/campus-communications/2020/200310-covid-19-academic-operational-activity.php
132903,University of Central Florida,heading online asap,,Orlando,FL,32816,-81.2009,28.60216,"Public, 4-year or above","78,073 ",,https://www.flbog.edu/2020/03/11/state-university-system-statement-on-covid-19/
201885,University of Cincinnati,"""Effective Saturday, March 14, 2020, UC will suspend face-to-face instruction, lectures, discussion sessions, seminars and other similar classroom settings, and move to remote instruction.  Face-to-face instruction will resume Monday, April 13, 2020""","Cincinatti, OH",Cincinnati,OH,45221-0063,-84.5143,39.13116,"Public, 4-year or above","43,326 ","""Instruction that involves labs, studios, music lessons, clinical experience, e.g., may meet at the discretion of the dean provided that social distancing is observed and respected.""",https://www.uc.edu/publichealth.html
130943,University of Delaware,"suspending classes March 12-13; spring break March 14-22; online March 23 ""until further notice""",,Newark,DE,19716,-75.7528,39.67958,"Public, 4-year or above","25,534 ","""We received confirmation today from the Delaware Division of Public Health that one person connected to University of Delaware has tested positive for COVID-19. The individual is receiving appropriate medical care in a quarantined environment. Our thoughts are with the individual, as well as with family members and colleagues at this anxious time.

The University continues to work closely with the Delaware Division of Public Health to track students, faculty and staff who were in contact with the individual who tested positive for coronavirus. Members of our community who may have been exposed to this individual will be contacted. Anyone displaying symptoms should seek immediate medical care and refrain from travel. Anyone who has been exposed to COVID-19 is asked to self-quarantine at home for 14 days. This protocol will be in place for any future cases that may arise.""",https://www.udel.edu/udaily/2020/march/coronavirus-update-march-11-2020-confirmed-case/#.XmlSlIAZlEI.twitter
134130,University of Florida,heading online asap,,Gainesville,FL,32611,-82.3479,29.64629,"Public, 4-year or above","59,603 ",,https://www.flbog.edu/2020/03/11/state-university-system-statement-on-covid-19/
153658,University of Iowa,online March 23-April 3,"Iowa City, IA",Iowa City,IA,52242-1316,-91.5364,41.66194,"Public, 4-year or above","35,876 ",,https://www.iowaregents.edu/news/board-news/update-from-board-of-regents-president-mike-richards-on-coronavirus ; https://coronavirus.uiowa.edu/news/2020/03/message-ui-community-ui-moving-virtual-instruction-beginning-march-23
163286,University of Maryland,classes canceled March 23-27.  Online instruction March 30-April 10 at least.,"College Park, MD",College Park,MD,20742,-76.9447,38.98818,"Public, 4-year or above","44,052 ",,https://umd.edu/virusinfo
166629,University of Massachusetts-Amherst,"online through April 3, then determine next",,Amherst,MA,01003,-72.5267,42.386,"Public, 4-year or above","35,156 ",,https://www.massachusetts.edu/coronavirus-disease-updates
166638,University of Massachusetts-Boston,"online through April 3, then determine next",,Boston,MA,02125-3393,-71.0369,42.31288,"Public, 4-year or above","19,783 ",,https://www.massachusetts.edu/coronavirus-disease-updates
167987,University of Massachusetts-Dartmouth,"online through April 3, then determine next",,North Dartmouth,MA,02747-2300,-71.0046,41.62869,"Public, 4-year or above","9,782 ",,https://www.massachusetts.edu/coronavirus-disease-updates
166513,University of Massachusetts-Lowell,"online through April 3, then determine next",,Lowell,MA,01854-5104,-71.3268,42.65286,"Public, 4-year or above","22,150 ",,https://www.massachusetts.edu/coronavirus-disease-updates
170976,University of Michigan,canceled March 12-13; online March 16-21,,Ann Arbor,MI,48109,-83.7428,42.27592,"Public, 4-year or above","47,543 ",,https://umich.edu/announcements/
174075,University of Minnesota-Crookston,"online ""March 18, 2020, until at least April 1, 2020""",,Crookston,MN,56716-5001,-96.6062,47.80254,"Public, 4-year or above","3,343 ",,https://drive.google.com/file/d/1_ph5nt6DcL1bds0ojWaojg5c6vgacGco/view; https://safe-campus.umn.edu/public-health-alerts
174233,University of Minnesota-Duluth,"Spring break will be extended until March 18; online ""March 18, 2020, until at least April 1, 2020""",,Duluth,MN,55812,-92.0844,46.81713,"Public, 4-year or above","11,777 ",,https://drive.google.com/file/d/1_ph5nt6DcL1bds0ojWaojg5c6vgacGco/view; https://safe-campus.umn.edu/public-health-alerts
174251,University of Minnesota-Morris,"online ""March 18, 2020, until at least April 1, 2020""",,Morris,MN,56267,-95.9018,45.58983,"Public, 4-year or above","1,778 ",,https://drive.google.com/file/d/1_ph5nt6DcL1bds0ojWaojg5c6vgacGco/view; https://safe-campus.umn.edu/public-health-alerts
456959,University of Minnesota-Rochester,"Spring break will be extended until March 18; online ""March 18, 2020, until at least April 1, 2020""",,Rochester,MN,55904,-92.4635,44.02234,"Public, 4-year or above",479 ,,https://drive.google.com/file/d/1_ph5nt6DcL1bds0ojWaojg5c6vgacGco/view; https://safe-campus.umn.edu/public-health-alerts
174066,University of Minnesota-Twin Cities,"Spring break will be extended until March 18; online ""March 18, 2020, until at least April 1, 2020""","West Haven, CT",Minneapolis,MN,55455-0213,-93.2355,44.97285,"Public, 4-year or above","64,115 ","""Provost Joe Glover sent a memo to academic deans today recommending that instructors move their courses from face-to-face delivery to an electronic delivery mode effective immediately, wherever possible. While this is not a requirement at this time, there is a strong probability that it will become a requirement before the end of the spring semester, and so instructors are encouraged to transition now.""",http://www.ufl.edu/health-updates/march-9-update/; https://drive.google.com/file/d/1_ph5nt6DcL1bds0ojWaojg5c6vgacGco/view; https://safe-campus.umn.edu/public-health-alerts
136172,University of North Florida,heading online asap,,Jacksonville,FL,32224-7699,-81.5091,30.27194,"Public, 4-year or above","19,547 ",,https://www.flbog.edu/2020/03/11/state-university-system-statement-on-covid-19/
154095,University of Northern Iowa,moving online ASAP,"Cedar Falls, IA",Cedar Falls,IA,50614-0005,-92.4597,42.51492,"Public, 4-year or above","14,221 ",,https://www.iowaregents.edu/news/board-news/update-from-board-of-regents-president-mike-richards-on-coronavirus
152080,University of Notre Dame,"canceled March 16-20; online March 23 ""through at least Monday, April 13""",,Notre Dame,IN,46556,-86.239,41.70306,"Private not-for-profit, 4-year or above","13,043 ",,https://news.nd.edu/news/notre-dame-switches-to-online-after-canceling-in-person-classes/
215062,University of Pennsylvania,spring break extended; online teaching March 23-,,Philadelphia,PA,19104-6303,-75.1939,39.95093,"Private not-for-profit, 4-year or above","28,755 ",,https://penntoday.upenn.edu/announcements/coronavirus-and-important-changes-our-operations-remainder-semester
236328,University of Puget Sound,March 9-24,"Tacoma, WA",Tacoma,WA,98416,-122.479,47.26308,"Private not-for-profit, 4-year or above","2,850 ","classes canceled through March 24, 2020.  ""Afterwards, Faculty members will be asked to develop alternative means of instruction delivery and will reschedule exams. To the extent that alternative delivery is not immediately available, a plan for making up the classwork will be developed.""",https://www.newhaven.edu/coronavirus-info.php
122612,University of San Francisco,canceled March 11; online starting March 18,,San Francisco,CA,94117-1080,-122.45,37.77662,"Private not-for-profit, 4-year or above","12,511 ",,https://myusf.usfca.edu/announcement/covid-19-update-for-tuesday-march-10
137351,University of South Florida,heading online asap,,Tampa,FL,33620-9951,-82.4132,28.06146,"Public, 4-year or above","51,282 ",,https://www.flbog.edu/2020/03/11/state-university-system-statement-on-covid-19/
123961,University of Southern California ,"March 10-25, 2020","Los Angeles, CA",Los Angeles,CA,90089,-118.284,34.02128,"Private not-for-profit, 4-year or above","49,767 ","""Beginning Tuesday, March 10, the majority of classes will discontinue meeting in person and continue online for the remainder of the quarter (through March 25). Instructors have been asked to conduct classes and exams remotely, wherever possible, with some exceptions... Some specialized and/or professional-technical classes may continue to meet in person, as they are either not feasible to deliver online or require the use of specialized equipment or facilities.""",
231174,University of Vermont,canceled classes March 16-17; online March 18 on,,Burlington,VT,05405-0160,-73.1966,44.47733,"Public, 4-year or above","15,629 ",,https://www.uvm.edu/uvmnews/news/3/11/20-message-president-garimella-uvm-community-covid-19
234076,University of Virginia-Main Campus,online classes start March 19; assess April 5,,Charlottesville,VA,22903-2628,-78.5034,38.03567,"Public, 4-year or above","28,244 ","""University events with more than 100 people are prohibited for the foreseeable future and should be postponed, cancelled, or offered virtually.""",https://news.virginia.edu/content/university-moves-all-courses-online-urges-students-return-home
236948,University of Washington - all campuses,"March 9-20, 2020","Washington, US",Seattle,WA,98195-4550,-122.305,47.65538,"Public, 4-year or above","55,508 ","Seattle as outbreak center. Campuses: Seattle, Tacoma, Bothell.""The University of Washington, with 50,000 students on three campuses across the Seattle region, was apparently the first large college in the United States to make the shift entirely to online classes amid virus concerns."" (NYTimes)",https://www.nytimes.com/2020/03/06/us/coronavirus-college-campus-closings.html; https://www.washington.edu/coronavirus/
138354,University of West Florida,heading online asap,,Pensacola,FL,32514-5750,-87.2185,30.54908,"Public, 4-year or above","16,374 ",,https://www.flbog.edu/2020/03/11/state-university-system-statement-on-covid-19/
240444,University of Wisconsin-Madison,online March 23-April 10; decision to come for beyond that,,Madison,WI,53706-1380,-89.4041,43.07541,"Public, 4-year or above","46,827 ",,https://covid19.wisc.edu/
240453,University of Wisconsin-Milwaukee,Spring break extended March 15-29; online after that,"Wilwaukee, WI",Milwaukee,WI,53211,-87.8805,43.07685,"Public, 4-year or above","28,921 ",,https://uwm.edu/coronavirus/possible-covid-19-case-and-spring-break-extended-mar-10-2020/
221999,Vanderbilt University,"canceled until March 30, then online","Nashville, TN, USA",Nashville,TN,37240,-86.8034,36.14659,"Private not-for-profit, 4-year or above","13,431 ",,https://www.vanderbilt.edu/coronavirus/2020/03/10/mar-9-2020-classes-suspended/
206437,Walsh University,canceled March 11-12.  Starting online March 13 ,,North Canton,OH,44720-3396,-81.3699,40.87391,"Private not-for-profit, 4-year or above","3,232 ",,https://www.walsh.edu/coronavirus.html
236939,Washington State University,"spring break, then online teaching March 23-",,Pullman,WA,99164-5910,-117.158,46.73045,"Public, 4-year or above","34,356 ",,https://wsu.edu/covid-19/2020/03/11/wsu-to-move-in-person-classes-to-online-formats-following-spring-break/
236939,Washington State University Everett,"March 9-13, 2020",Washington,Pullman,WA,99164-5910,-117.158,46.73045,"Public, 4-year or above","34,356 ","""WSU Everett will transition its in-person classes and exams to an online format""",https://wsu.edu/covid-19/2020/03/08/wsu-everett-moves-to-online-classes-through-march-13/
179867,Washington University in St. Louis,"spring break extended to March 23, 2020, then ""[b]eginning March 23, there will be no in-person courses taught
in the classroom or any other setting until at least April 30, 2020. """,,Saint Louis,MO,63130-4899,-90.3106,38.64793,"Private not-for-profit, 4-year or above","16,962 ",,
172644,Wayne State University,spring break extended through March 23; online plan tk,,Detroit,MI,48202,-83.069,42.35899,"Public, 4-year or above","32,218 ",,https://wayne.edu/coronavirus
130697,Wesleyan University,canceled after spring break; distance learning after that,,Middletown,CT,06459,-72.6571,41.55467,"Private not-for-profit, 4-year or above","3,498 ",,https://www.wesleyan.edu/healthservices/coronavirus/#
216764,West Chester University,,"West Chester, PA",West Chester,PA,19383,-75.5981,39.9534,"Public, 4-year or above","19,515 ",,https://www.wcupa.edu/communications/newsroom/2020/03.10update.aspx
130776,Western Connecticut State University,"""March 23 through at least Sunday, April 5""",,Danbury,CT,06810-6826,-73.4443,41.40037,"Public, 4-year or above","6,675 ",,https://www.wtnh.com/news/health/coronavirus/the-university-of-new-haven-has-cancels-classes-requires-students-to-vacate-residents-halls-in-response-to-coronavirus-spread-concerns/
172699,Western Michigan University,canceled March 12-13; online March 16-April 3,,Kalamazoo,MI,49008-5200,-85.6138,42.28219,"Public, 4-year or above","25,645 ",,https://wmich.edu/covid-19
237011,Western Washington University,"classes canceled March 13-20; ""We plan to resume classes after Spring Break on March 31, pending any further guidance from the Health Department.""",,Bellingham,WA,98225-9008,-122.486,48.73781,"Public, 4-year or above","17,782 ",,https://www.wwu.edu/coronavirus
168263,Westfield State University,classes canceled March 16-20; online March 23-27,,Westfield,MA,01086-1630,-72.7965,42.1327,"Public, 4-year or above","7,598 ",,http://www.westfield.ma.edu//student-life/health-services/coronavirus-update
206622,Xavier University,March 16-April 13; back in person April 14?  ,,Cincinnati,OH,45207-1092,-84.4747,39.14955,"Private not-for-profit, 4-year or above","7,956 ","""We hope to resume in-person instruction on Tuesday, April 14, after the Easter holiday, but we will continue to evaluate the situation""",https://www.xavier.edu/coronavirus/
197708,Yeshiva University,March 4-10,"New York, US",New York,NY,10033-3299,-73.9299,40.85061,"Private not-for-profit, 4-year or above","6,836 ",One rabbi infected,https://www.nytimes.com/2020/03/06/us/coronavirus-college-campus-closings.html;https://www.yu.edu/health-alert
,,,,,,,,,,,,
,,,,,,,,,,,,
,,,,,,,,,,,,
,,,,,,,,,,,,
,,,,,,,,,,,,
,,,,,,,,,,,,
,,,,,,,,,,,,
,,,,,,,,,,,,
,,,,,,,,,,,,
,,,,,,,,,,,,
,,,,,,,,,,,,
,,,,,,,,,,,,
,,,,"
",,,,,,,,